Name,Maths,Science,English,Total_Marks,Average_Marks,Grade
Akhil,85,90,88,263,87.66666666666667,B
Bhavya,78,82,80,240,80.0,B
Charan,92,88,91,271,90.33333333333333,A
Divya,70,75,72,217,72.33333333333333,C
